{
  "acc": [
    0.731249988079071,
    0.706250011920929,
    0.7124999761581421
  ],
  "val_acc": [
    0.925000011920929,
    0.925000011920929,
    0.8999999761581421
  ],
  "loss": [
    0.5750678181648254,
    0.556991696357727,
    0.5394516587257385
  ],
  "val_loss": [
    0.28256654739379883,
    0.28936371207237244,
    0.3311508297920227
  ]
}